{"_timestamp":1.74728210803055e+09,"_runtime":1.84368,"_step":2000,"_wandb":{"runtime":1},"score":0.9265384146541013,"time":0.000823974609375}