{"model_step_500_score":0.6785785531080505,"model_step_500_time":0.00017905235290527344,"_timestamp":1.747280808364903e+09,"_step":2000,"model_step_2000_time":0.0002009868621826172,"model_step_1000_score":0.8727416677850963,"model_step_100_time":0.0002422332763671875,"model_step_1000_time":0.00021982192993164062,"model_step_2000_score":0.9434153801748718,"_runtime":2.017304,"model_step_100_score":0.4904217998622463,"_wandb":{"runtime":2}}