{"WeMath_score":0.9562522002176597,"MathVista_score":0.9678735892665222,"MathVision_score":0.9125258972534483,"_timestamp":1.747282757342562e+09,"_step":2000,"LogicVista_score":0.9098659757290855,"_runtime":2.098979,"_wandb":{"runtime":2},"DynaMath_score":0.9143092036222681,"MathVerse_score":0.9116344589069575}