{"_runtime":1.78743,"MathVision_score":0.900313663804382,"_wandb":{"runtime":1},"WeMath_score":0.9279328162300557,"MathVerse_score":0.9410574603944023,"DynaMath_score":0.9235066168269161,"_step":2000,"MathVista_score":0.9521576921154835,"LogicVista_score":0.9162582713825412,"_timestamp":1.747282560294632e+09}