{"_step":2000,"_wandb":{"runtime":2},"score":0.6877004078891334,"time":0.00017309188842773438,"_timestamp":1.7472817909621382e+09,"_runtime":2.484951}