{"_runtime":1.822389,"_step":2000,"score":0.9282079566844831,"time":0.00017690658569335938,"_wandb":{"runtime":1},"_timestamp":1.7472811589870331e+09}